{"cameraMode":{"drawMode":0,"name":"Shaded","section":"Shading Mode"},"sceneLighting":true,"audioPlay":false,"sceneViewState":{"showFog":true,"showMaterialUpdate":false,"showSkybox":true,"showFlares":true,"showImageEffects":true,"showParticleSystems":true},"in2DMode":false,"pivot":{"x":286.993896484375,"y":288.87542724609377,"z":-72.319091796875},"rotation":{"x":0.0029999613761901857,"y":0.004499971866607666,"z":-0.000013499379747372586,"w":0.9999855756759644},"size":684.4884033203125,"orthographic":false}