{"cameraMode":{"drawMode":0,"name":"Shaded","section":"Shading Mode"},"sceneLighting":true,"audioPlay":false,"sceneViewState":{"showFog":true,"showMaterialUpdate":false,"showSkybox":true,"showFlares":true,"showImageEffects":true,"showParticleSystems":true},"in2DMode":false,"pivot":{"x":0.4961845278739929,"y":1.0015788078308106,"z":0.7098058462142944},"rotation":{"x":-0.1603315770626068,"y":0.8366754651069641,"z":-0.3296371102333069,"w":-0.40694931149482729},"size":21.671018600463868,"orthographic":false}