{"cameraMode":{"drawMode":0,"name":"Shaded","section":"Shading Mode"},"sceneLighting":true,"audioPlay":false,"sceneViewState":{"showFog":true,"showMaterialUpdate":false,"showSkybox":true,"showFlares":true,"showImageEffects":true,"showParticleSystems":true},"in2DMode":false,"pivot":{"x":366.34686279296877,"y":267.3688659667969,"z":-93.367919921875},"rotation":{"x":-0.004357869271188974,"y":0.24933893978595735,"z":0.0011219879379495979,"w":0.9684062600135803},"size":1031.443115234375,"orthographic":false}