{"cameraMode":{"drawMode":0,"name":"Shaded","section":"Shading Mode"},"sceneLighting":true,"audioPlay":false,"sceneViewState":{"showFog":true,"showMaterialUpdate":false,"showSkybox":true,"showFlares":true,"showImageEffects":true,"showParticleSystems":true},"in2DMode":false,"pivot":{"x":0.0,"y":0.8500000238418579,"z":5.960464477539063e-8},"rotation":{"x":0.2727898955345154,"y":0.11653468012809754,"z":-0.03330745920538902,"w":0.9544104933738709},"size":4.578564643859863,"orthographic":false}