{"cameraMode":{"drawMode":0,"name":"Shaded","section":"Shading Mode"},"sceneLighting":true,"audioPlay":false,"sceneViewState":{"showFog":true,"showMaterialUpdate":false,"showSkybox":false,"showFlares":true,"showImageEffects":true,"showParticleSystems":true},"in2DMode":false,"pivot":{"x":0.0,"y":0.20000001788139344,"z":2.0859999656677248},"rotation":{"x":0.11722399294376373,"y":0.5888226628303528,"z":-0.0868227481842041,"w":0.7949920296669006},"size":1.1461267471313477,"orthographic":false}